{"cameraMode":{"drawMode":0,"name":"Shaded","section":"Shading Mode"},"sceneLighting":false,"audioPlay":false,"sceneViewState":{"m_AlwaysRefresh":false,"showFog":true,"showSkybox":false,"showFlares":true,"showImageEffects":true,"showParticleSystems":true,"showVisualEffectGraphs":true,"m_FxEnabled":true},"in2DMode":false,"pivot":{"x":-9.099349975585938,"y":0.2500000298023224,"z":-15.353717803955079},"rotation":{"x":-0.20496073365211488,"y":-0.0021589514799416067,"z":-0.00005635078196064569,"w":-0.9788901805877686},"size":0.5176992416381836,"orthographic":false}