{"cameraMode":{"drawMode":0,"name":"Shaded","section":"Shading Mode"},"sceneLighting":true,"audioPlay":false,"sceneViewState":{"m_AlwaysRefresh":false,"showFog":true,"showSkybox":true,"showFlares":true,"showImageEffects":true,"showParticleSystems":true,"showVisualEffectGraphs":true,"m_FxEnabled":true},"in2DMode":false,"pivot":{"x":-0.9381401538848877,"y":-14.569862365722657,"z":49.872276306152347},"rotation":{"x":-0.2193731665611267,"y":0.04470621049404144,"z":-0.010353298857808113,"w":-0.9746718406677246},"size":35.11075210571289,"orthographic":false}