{"cameraMode":{"drawMode":0,"name":"Shaded","section":"Shading Mode"},"sceneLighting":true,"audioPlay":false,"sceneViewState":{"m_AlwaysRefresh":false,"showFog":true,"showSkybox":true,"showFlares":true,"showImageEffects":true,"showParticleSystems":true,"showVisualEffectGraphs":true,"m_FxEnabled":true},"in2DMode":false,"pivot":{"x":1.1571323871612549,"y":-27.379653930664064,"z":34.16246795654297},"rotation":{"x":-0.33055055141448977,"y":0.014828854240477085,"z":-0.005759101361036301,"w":-0.9437821507453919},"size":31.984867095947267,"orthographic":false}