{"cameraMode":{"drawMode":0,"name":"Shaded","section":"Shading Mode"},"sceneLighting":true,"audioPlay":false,"sceneViewState":{"m_AlwaysRefresh":false,"showFog":true,"showSkybox":true,"showFlares":true,"showImageEffects":true,"showParticleSystems":true,"showVisualEffectGraphs":true,"m_FxEnabled":true},"in2DMode":false,"pivot":{"x":8.059289932250977,"y":13.112632751464844,"z":-18.70548439025879},"rotation":{"x":0.1353103518486023,"y":-0.17848320305347444,"z":0.024800656363368036,"w":0.9742906093597412},"size":9.530660629272461,"orthographic":false}