{"cameraMode":{"drawMode":0,"name":"Shaded","section":"Shading Mode"},"sceneLighting":false,"audioPlay":false,"sceneViewState":{"m_AlwaysRefresh":false,"showFog":true,"showSkybox":false,"showFlares":true,"showImageEffects":true,"showParticleSystems":true,"showVisualEffectGraphs":true,"m_FxEnabled":true},"in2DMode":false,"pivot":{"x":17.98740577697754,"y":-15.217100143432618,"z":48.393314361572269},"rotation":{"x":-0.14438968896865846,"y":-0.20104411244392396,"z":0.029525084421038629,"w":-0.9685541391372681},"size":29.964847564697267,"orthographic":false}