{"cameraMode":{"drawMode":0,"name":"Shaded","section":"Shading Mode"},"sceneLighting":false,"audioPlay":false,"sceneViewState":{"m_AlwaysRefresh":false,"showFog":true,"showSkybox":false,"showFlares":true,"showImageEffects":true,"showParticleSystems":true,"showVisualEffectGraphs":true,"m_FxEnabled":true},"in2DMode":false,"pivot":{"x":0.16326698660850526,"y":1.3317071199417115,"z":-1.5745267868041993},"rotation":{"x":-0.2544681131839752,"y":-0.03262054920196533,"z":0.008065869100391865,"w":-0.9666205048561096},"size":0.6721282601356506,"orthographic":false}