{"cameraMode":{"drawMode":0,"name":"Shaded","section":"Shading Mode"},"sceneLighting":false,"audioPlay":false,"sceneViewState":{"m_AlwaysRefresh":false,"showFog":true,"showSkybox":false,"showFlares":true,"showImageEffects":true,"showParticleSystems":true,"showVisualEffectGraphs":true,"m_FxEnabled":true},"in2DMode":false,"pivot":{"x":-2.0045130252838136,"y":-1.2089720964431763,"z":0.09589865803718567},"rotation":{"x":-0.20836475491523744,"y":0.6490052342414856,"z":-0.1922280490398407,"w":-0.7061602473258972},"size":2.5238795280456545,"orthographic":false}