{"cameraMode":{"drawMode":0,"name":"Shaded","section":"Shading Mode"},"sceneLighting":false,"audioPlay":false,"sceneViewState":{"m_AlwaysRefresh":false,"showFog":true,"showSkybox":false,"showFlares":true,"showImageEffects":true,"showParticleSystems":true,"showVisualEffectGraphs":true,"m_FxEnabled":true},"in2DMode":false,"pivot":{"x":-0.11277753114700318,"y":2.559326648712158,"z":-1.05107843875885},"rotation":{"x":-0.46635687351226809,"y":0.028410732746124269,"z":-0.015576578676700592,"w":-0.8841395974159241},"size":0.5310673713684082,"orthographic":false}